Cost,Time,Memory
2.196245760393147,13.478399670432381,2.941455063896967
3.6834774999999977,16.975670478170414,4.9279974012473815
