Cost,Time,Memory
2.196245760393147,5.669476821050119,2.7266517000942483
2.711175862068933,8.217777777777778,3.708539487179475
