Cost,Time,Memory
6.588737281179441,40.435199011297144,8.824365191690902
3.6834774999999977,16.975670478170414,4.9279974012473815
