Cost,Time,Memory
2.196245760393147,13.478399670432381,2.941455063896967
5.4937514285714455,35.68958037974675,6.839433643383622
