Cost,Time,Memory
4.392491520786294,26.956799340864762,5.882910127793934
3.6834774999999977,16.975670478170414,4.9279974012473815
