Cost,Time,Memory
2.196245760393147,5.669476821050119,2.7266517000942483
3.6834774999999977,11.93067361111107,4.915917779225022
