Cost,Time,Memory
6.597064320811866,0.8701109698334012,0.05808965711144029
8.391028806584245,0.8063809954751209,0.0692509259259225
