Cost,Time,Memory
22.39017935943261,1.7402219396668024,0.11617931422288058
15.755450758064532,1.1385265906932514,0.08753432098765615
