Cost,Time,Memory
11.195089679716306,0.8701109698334012,0.05808965711144029
15.755450758064532,1.1385265906932514,0.08753432098765615
