Cost,Time,Memory
33.58526903914892,2.6103329095002037,0.17426897133432087
15.755450758064532,1.1385265906932514,0.08753432098765615
