Cost,Time,Memory
11.195089679716306,0.8701109698334012,0.05808965711144029
33.889515015170865,1.832337145682264,0.12406170628458625
