Cost,Time,Memory
6.597064320811866,0.8701109698334012,0.05808965711144029
11.787860724925483,1.1385265906932514,0.08753432098765615
